{
  "appId": "com.liberdademedica.editor-artigos",
  "productName": "Editor de Artigos - Blog Liberdade Médica",
  "directories": {
    "output": "dist"
  },
  "files": [
    "**/*",
    "!node_modules/**/*"
  ],
  "win": {
    "target": [
      {
        "target": "portable",
        "arch": ["x64"]
      },
      {
        "target": "zip",
        "arch": ["x64"]
      }
    ],
    "sign": false,
    "verifyUpdateCodeSignature": false,
    "certificateFile": null,
    "certificatePassword": null
  },
  "mac": {
    "target": [
      {
        "target": "zip",
        "arch": ["x64", "arm64"]
      }
    ],
    "sign": false,
    "hardenedRuntime": false,
    "gatekeeperAssess": false
  },
  "linux": {
    "target": [
      {
        "target": "zip",
        "arch": ["x64"]
      },
      {
        "target": "AppImage",
        "arch": ["x64"]
      }
    ]
  },
  "portable": {
    "artifactName": "EditorArtigos-Portable.exe"
  },
  "nsis": {
    "oneClick": false,
    "allowToChangeInstallationDirectory": true
  }
}
